[
    {
        "id": "ghgfhehrhrlgjgghfhdh",
        "head": {
            "css": [
                "assets/css/fullcalendar.min.css",
                "assets/css/dataTables.bootstrap4.min.css",
                "assets/css/select2.min.css",
                "assets/css/bootstrap-datetimepicker.min.css"
            ],
            "js": []
        },
        "footer": {
            "css": [],
            "js": [
                "assets/js/jquery.slimscroll.js",
                "assets/js/select2.min.js",
                "assets/js/bootstrap-datetimepicker.min.js"
            ]
        }
    },
    {
        "id": "yhgfhfdhgfhghfghdhdhdhshhshsh",
        "head": {
            "css": [
                "assets/css/select2.min.css",
                "assets/css/bootstrap-datetimepicker.min.css"
            ],
            "js": []
        },
        "footer": {
            "css": [],
            "js": [
                "assets/js/moment.min.js",
                "assets/js/select2.min.js",
                "assets/js/bootstrap-datetimepicker.min.js"
            ]
        }
    },
    {
        "id": "dddd-hhh-rrrt-ottghffjfj",
        "head": {
            "css": [],
            "js": []
        },
        "footer": {
            "css": [],
            "js": [
                "assets/js/jquery.slimscroll.js"
            ]
        }
    },
    {
        "id": "e0c1b1a6-97ee-4e21-8a1b-3a675422218d",
        "head": {
            "css": [],
            "js": []
        },
        "footer": {
            "css": [],
            "js": []
        }
    },
    {
        "id": "815be312-2a36-4aac-8670-b4c82b3cf048",
        "head": {
            "css": [],
            "js": []
        },
        "footer": {
            "css": [],
            "js": []
        }
    },
    {
        "id": "a90d6f4d-81da-4f8a-8448-1f56a9849443",
        "head": {
            "css": [],
            "js": []
        },
        "footer": {
            "css": [],
            "js": []
        }
    },
    {
        "id": "9cce1aa8-83db-4172-86e2-7c2d41d1dbed",
        "head": {
            "css": [],
            "js": []
        },
        "footer": {
            "css": [],
            "js": []
        }
    },
    {
        "id": "cfe5ed70-0417-4a9d-ac88-b1ca1e6dd74a",
        "head": {
            "css": [],
            "js": []
        },
        "footer": {
            "css": [],
            "js": []
        }
    },
    {
        "id": "b034d5c3-9a9e-4fcf-a1f9-0de3b6db5f67",
        "head": {
            "css": [
                "assets/css/select2.min.css"
            ],
            "js": []
        },
        "footer": {
            "css": [],
            "js": [
                "assets/js/select2.min.js"
            ]
        }
    },
    {
        "id": "765da833-8526-41d8-81cf-4d9442942784",
        "head": {
            "css": [],
            "js": []
        },
        "footer": {
            "css": [],
            "js": []
        }
    },
    {
        "id": "e722fc84-449f-47a0-84c4-8b081037af57",
        "head": {
            "css": [],
            "js": []
        },
        "footer": {
            "css": [],
            "js": []
        }
    },
    {
        "id": "87d8911a-7fde-443d-a6b0-a1b0b25afee9",
        "head": {
            "css": [],
            "js": []
        },
        "footer": {
            "css": [],
            "js": []
        }
    },
    {
        "id": "1e172e1d-b1e6-4a6e-b950-9bbd3217886b",
        "head": {
            "css": [],
            "js": []
        },
        "footer": {
            "css": [],
            "js": []
        }
    },
    {
        "id": "98edbcb1-e8a7-424d-96c2-e02f18c4e9b8",
        "head": {
            "css": [],
            "js": []
        },
        "footer": {
            "css": [],
            "js": []
        }
    },
    {
        "id": "4939497e-8643-4eb3-8ae3-60debb54ba6b",
        "head": {
            "css": [],
            "js": []
        },
        "footer": {
            "css": [],
            "js": []
        }
    }
]