{
  "defaults": {
    "js": {
      "head": [

      ],
      "footer": [
        "assets/defaults/js/jquery-3.2.1.min.js",
        "assets/defaults/js/popper.min.js",
        "assets/defaults/js/bootstrap.min.js",
        "assets/defaults/js/jquery.slimscroll.js",
        "assets/defaults/js/app.js",
        "assets/defaults/js/alertdefaults.js"
      ]
    },
    "css":  {
      "head": [
        "assets/defaults/css/bootstrap.min.css",
        "assets/defaults/css/font-awesome.min.css",
        "assets/defaults/css/style.css",
        "https://fonts.googleapis.com/icon?family=Material+Icons"
      ],
      "footer": []
    }
  },
  "custom": {
    "js":  {
      "head": [],
      "footer": []
    },
    "css":  {
      "head": [],
      "footer": []
    }
  }
}