[
  {
    "id": "gfhghrutud-yjgjfjdjd-tireghdhd",
    "head": {
      "css": [
        "assets/css/bootstrap.min.css",
        "assets/css/font-awesome.min.css",
        "assets/css/style.css",
        "https://fonts.googleapis.com/icon?family=Material+Icons"
      ],
      "js": [

      ]
    },
    "footer": {
      "css": [

      ],
      "js": [
        "assets/js/jquery-3.2.1.min.js",
        "assets/js/popper.min.js",
        "assets/js/bootstrap.min.js",
        "assets/js/jquery.slimscroll.js",
        "assets/js/app.js"
      ]
    }
  }
]